{
  "permissions": {
    "auth": {
      "healthyhabitsv24aea1e5f": [
        "create",
        "read",
        "update",
        "delete"
      ]
    },
    "api": {
      "HealthyHabitsV2GraphQlApi": [
        "Query",
        "Mutation",
        "Subscription"
      ]
    },
    "storage": {
      "HealthyHabitsV2": [
        "create",
        "read",
        "update",
        "delete"
      ],
      "File:@model(appsync)": [
        "create",
        "read",
        "update",
        "delete"
      ]
    }
  },
  "lambdaLayers": []
}