{
  "AWSTemplateFormatVersion": "2010-09-09",
  "Description": "Lambda Function resource stack creation using Amplify CLI",
  "Parameters": {
    "CloudWatchRule": {
      "Type": "String",
      "Default": "NONE",
      "Description": " Schedule Expression"
    },
    "deploymentBucketName": {
      "Type": "String"
    },
    "env": {
      "Type": "String"
    },
    "s3Key": {
      "Type": "String"
    },
    "authhealthyhabitsv24aea1e5fUserPoolId": {
      "Type": "String",
      "Default": "authhealthyhabitsv24aea1e5fUserPoolId"
    },
    "storageHealthyHabitsV2BucketName": {
      "Type": "String",
      "Default": "storageHealthyHabitsV2BucketName"
    },
    "apiHealthyHabitsV2GraphQlApiGraphQLAPIIdOutput": {
      "Type": "String",
      "Default": "apiHealthyHabitsV2GraphQlApiGraphQLAPIIdOutput"
    },
    "apiHealthyHabitsV2GraphQlApiGraphQLAPIEndpointOutput": {
      "Type": "String",
      "Default": "apiHealthyHabitsV2GraphQlApiGraphQLAPIEndpointOutput"
    }
  },
  "Conditions": {
    "ShouldNotCreateEnvResources": {
      "Fn::Equals": [
        {
          "Ref": "env"
        },
        "NONE"
      ]
    }
  },
  "Resources": {
    "LambdaFunction": {
      "Type": "AWS::Lambda::Function",
      "Metadata": {
        "aws:asset:path": "./src",
        "aws:asset:property": "Code"
      },
      "Properties": {
        "Code": {
          "S3Bucket": {
            "Ref": "deploymentBucketName"
          },
          "S3Key": {
            "Ref": "s3Key"
          }
        },
        "Handler": "index.handler",
        "FunctionName": {
          "Fn::If": [
            "ShouldNotCreateEnvResources",
            "RemoveFileFromS3Bucket",
            {
              "Fn::Join": [
                "",
                [
                  "RemoveFileFromS3Bucket",
                  "-",
                  {
                    "Ref": "env"
                  }
                ]
              ]
            }
          ]
        },
        "Environment": {
          "Variables": {
            "ENV": {
              "Ref": "env"
            },
            "REGION": {
              "Ref": "AWS::Region"
            },
            "AUTH_HEALTHYHABITSV24AEA1E5F_USERPOOLID": {
              "Ref": "authhealthyhabitsv24aea1e5fUserPoolId"
            },
            "STORAGE_HEALTHYHABITSV2_BUCKETNAME": {
              "Ref": "storageHealthyHabitsV2BucketName"
            },
            "API_HEALTHYHABITSV2GRAPHQLAPI_FILETABLE_NAME": {
              "Fn::ImportValue": {
                "Fn::Sub": "${apiHealthyHabitsV2GraphQlApiGraphQLAPIIdOutput}:GetAtt:FileTable:Name"
              }
            },
            "API_HEALTHYHABITSV2GRAPHQLAPI_FILETABLE_ARN": {
              "Fn::Join": [
                "",
                [
                  "arn:aws:dynamodb:",
                  {
                    "Ref": "AWS::Region"
                  },
                  ":",
                  {
                    "Ref": "AWS::AccountId"
                  },
                  ":table/",
                  {
                    "Fn::ImportValue": {
                      "Fn::Sub": "${apiHealthyHabitsV2GraphQlApiGraphQLAPIIdOutput}:GetAtt:FileTable:Name"
                    }
                  }
                ]
              ]
            },
            "API_HEALTHYHABITSV2GRAPHQLAPI_GRAPHQLAPIIDOUTPUT": {
              "Ref": "apiHealthyHabitsV2GraphQlApiGraphQLAPIIdOutput"
            },
            "API_HEALTHYHABITSV2GRAPHQLAPI_GRAPHQLAPIENDPOINTOUTPUT": {
              "Ref": "apiHealthyHabitsV2GraphQlApiGraphQLAPIEndpointOutput"
            }
          }
        },
        "Role": {
          "Fn::GetAtt": [
            "LambdaExecutionRole",
            "Arn"
          ]
        },
        "Runtime": "nodejs14.x",
        "Layers": [],
        "Timeout": 25
      }
    },
    "LambdaExecutionRole": {
      "Type": "AWS::IAM::Role",
      "Properties": {
        "RoleName": {
          "Fn::If": [
            "ShouldNotCreateEnvResources",
            "healthyhabitsv2LambdaRoled3f4a4b1",
            {
              "Fn::Join": [
                "",
                [
                  "healthyhabitsv2LambdaRoled3f4a4b1",
                  "-",
                  {
                    "Ref": "env"
                  }
                ]
              ]
            }
          ]
        },
        "AssumeRolePolicyDocument": {
          "Version": "2012-10-17",
          "Statement": [
            {
              "Effect": "Allow",
              "Principal": {
                "Service": [
                  "lambda.amazonaws.com"
                ]
              },
              "Action": [
                "sts:AssumeRole"
              ]
            }
          ]
        }
      }
    },
    "lambdaexecutionpolicy": {
      "DependsOn": [
        "LambdaExecutionRole"
      ],
      "Type": "AWS::IAM::Policy",
      "Properties": {
        "PolicyName": "lambda-execution-policy",
        "Roles": [
          {
            "Ref": "LambdaExecutionRole"
          }
        ],
        "PolicyDocument": {
          "Version": "2012-10-17",
          "Statement": [
            {
              "Effect": "Allow",
              "Action": [
                "logs:CreateLogGroup",
                "logs:CreateLogStream",
                "logs:PutLogEvents"
              ],
              "Resource": {
                "Fn::Sub": [
                  "arn:aws:logs:${region}:${account}:log-group:/aws/lambda/${lambda}:log-stream:*",
                  {
                    "region": {
                      "Ref": "AWS::Region"
                    },
                    "account": {
                      "Ref": "AWS::AccountId"
                    },
                    "lambda": {
                      "Ref": "LambdaFunction"
                    }
                  }
                ]
              }
            }
          ]
        }
      }
    },
    "AmplifyResourcesPolicy": {
      "DependsOn": [
        "LambdaExecutionRole"
      ],
      "Type": "AWS::IAM::Policy",
      "Properties": {
        "PolicyName": "amplify-lambda-execution-policy",
        "Roles": [
          {
            "Ref": "LambdaExecutionRole"
          }
        ],
        "PolicyDocument": {
          "Version": "2012-10-17",
          "Statement": [
            {
              "Effect": "Allow",
              "Action": [
                "cognito-idp:ConfirmSignUp",
                "cognito-idp:AdminCreateUser",
                "cognito-idp:CreateUserImportJob",
                "cognito-idp:AdminSetUserSettings",
                "cognito-idp:AdminLinkProviderForUser",
                "cognito-idp:CreateIdentityProvider",
                "cognito-idp:AdminConfirmSignUp",
                "cognito-idp:AdminDisableUser",
                "cognito-idp:AdminRemoveUserFromGroup",
                "cognito-idp:SetUserMFAPreference",
                "cognito-idp:SetUICustomization",
                "cognito-idp:SignUp",
                "cognito-idp:VerifyUserAttribute",
                "cognito-idp:SetRiskConfiguration",
                "cognito-idp:StartUserImportJob",
                "cognito-idp:AdminSetUserPassword",
                "cognito-idp:AssociateSoftwareToken",
                "cognito-idp:CreateResourceServer",
                "cognito-idp:RespondToAuthChallenge",
                "cognito-idp:CreateUserPoolClient",
                "cognito-idp:AdminUserGlobalSignOut",
                "cognito-idp:GlobalSignOut",
                "cognito-idp:AddCustomAttributes",
                "cognito-idp:CreateGroup",
                "cognito-idp:CreateUserPool",
                "cognito-idp:AdminForgetDevice",
                "cognito-idp:AdminAddUserToGroup",
                "cognito-idp:AdminRespondToAuthChallenge",
                "cognito-idp:ForgetDevice",
                "cognito-idp:CreateUserPoolDomain",
                "cognito-idp:AdminEnableUser",
                "cognito-idp:AdminUpdateDeviceStatus",
                "cognito-idp:StopUserImportJob",
                "cognito-idp:InitiateAuth",
                "cognito-idp:AdminInitiateAuth",
                "cognito-idp:AdminSetUserMFAPreference",
                "cognito-idp:ConfirmForgotPassword",
                "cognito-idp:SetUserSettings",
                "cognito-idp:VerifySoftwareToken",
                "cognito-idp:AdminDisableProviderForUser",
                "cognito-idp:SetUserPoolMfaConfig",
                "cognito-idp:ChangePassword",
                "cognito-idp:ConfirmDevice",
                "cognito-idp:AdminResetUserPassword",
                "cognito-idp:ResendConfirmationCode",
                "cognito-identity:Describe*",
                "cognito-identity:Get*",
                "cognito-identity:List*",
                "cognito-idp:Describe*",
                "cognito-idp:AdminGetDevice",
                "cognito-idp:AdminGetUser",
                "cognito-idp:AdminList*",
                "cognito-idp:List*",
                "cognito-sync:Describe*",
                "cognito-sync:Get*",
                "cognito-sync:List*",
                "iam:ListOpenIdConnectProviders",
                "iam:ListRoles",
                "sns:ListPlatformApplications",
                "cognito-idp:ForgotPassword",
                "cognito-idp:UpdateAuthEventFeedback",
                "cognito-idp:UpdateResourceServer",
                "cognito-idp:UpdateUserPoolClient",
                "cognito-idp:AdminUpdateUserAttributes",
                "cognito-idp:UpdateUserAttributes",
                "cognito-idp:UpdateUserPoolDomain",
                "cognito-idp:UpdateIdentityProvider",
                "cognito-idp:UpdateGroup",
                "cognito-idp:AdminUpdateAuthEventFeedback",
                "cognito-idp:UpdateDeviceStatus",
                "cognito-idp:UpdateUserPool",
                "cognito-idp:DeleteUserPoolDomain",
                "cognito-idp:DeleteResourceServer",
                "cognito-idp:DeleteGroup",
                "cognito-idp:AdminDeleteUserAttributes",
                "cognito-idp:DeleteUserPoolClient",
                "cognito-idp:DeleteUserAttributes",
                "cognito-idp:DeleteUserPool",
                "cognito-idp:AdminDeleteUser",
                "cognito-idp:DeleteIdentityProvider",
                "cognito-idp:DeleteUser"
              ],
              "Resource": [
                {
                  "Fn::Join": [
                    "",
                    [
                      "arn:aws:cognito-idp:",
                      {
                        "Ref": "AWS::Region"
                      },
                      ":",
                      {
                        "Ref": "AWS::AccountId"
                      },
                      ":userpool/",
                      {
                        "Ref": "authhealthyhabitsv24aea1e5fUserPoolId"
                      }
                    ]
                  ]
                }
              ]
            },
            {
              "Effect": "Allow",
              "Action": [
                "appsync:GraphQL"
              ],
              "Resource": [
                {
                  "Fn::Join": [
                    "",
                    [
                      "arn:aws:appsync:",
                      {
                        "Ref": "AWS::Region"
                      },
                      ":",
                      {
                        "Ref": "AWS::AccountId"
                      },
                      ":apis/",
                      {
                        "Ref": "apiHealthyHabitsV2GraphQlApiGraphQLAPIIdOutput"
                      },
                      "/types/Query/*"
                    ]
                  ]
                },
                {
                  "Fn::Join": [
                    "",
                    [
                      "arn:aws:appsync:",
                      {
                        "Ref": "AWS::Region"
                      },
                      ":",
                      {
                        "Ref": "AWS::AccountId"
                      },
                      ":apis/",
                      {
                        "Ref": "apiHealthyHabitsV2GraphQlApiGraphQLAPIIdOutput"
                      },
                      "/types/Mutation/*"
                    ]
                  ]
                },
                {
                  "Fn::Join": [
                    "",
                    [
                      "arn:aws:appsync:",
                      {
                        "Ref": "AWS::Region"
                      },
                      ":",
                      {
                        "Ref": "AWS::AccountId"
                      },
                      ":apis/",
                      {
                        "Ref": "apiHealthyHabitsV2GraphQlApiGraphQLAPIIdOutput"
                      },
                      "/types/Subscription/*"
                    ]
                  ]
                }
              ]
            },
            {
              "Effect": "Allow",
              "Action": "s3:ListBucket",
              "Resource": [
                {
                  "Fn::Join": [
                    "",
                    [
                      "arn:aws:s3:::",
                      {
                        "Ref": "storageHealthyHabitsV2BucketName"
                      }
                    ]
                  ]
                }
              ]
            },
            {
              "Effect": "Allow",
              "Action": [
                "s3:PutObject",
                "s3:GetObject",
                "s3:DeleteObject"
              ],
              "Resource": [
                {
                  "Fn::Join": [
                    "",
                    [
                      "arn:aws:s3:::",
                      {
                        "Ref": "storageHealthyHabitsV2BucketName"
                      },
                      "/*"
                    ]
                  ]
                }
              ]
            },
            {
              "Effect": "Allow",
              "Action": [
                "dynamodb:Put*",
                "dynamodb:Create*",
                "dynamodb:BatchWriteItem",
                "dynamodb:Get*",
                "dynamodb:BatchGetItem",
                "dynamodb:List*",
                "dynamodb:Describe*",
                "dynamodb:Scan",
                "dynamodb:Query",
                "dynamodb:Update*",
                "dynamodb:RestoreTable*",
                "dynamodb:Delete*"
              ],
              "Resource": [
                {
                  "Fn::Join": [
                    "",
                    [
                      "arn:aws:dynamodb:",
                      {
                        "Ref": "AWS::Region"
                      },
                      ":",
                      {
                        "Ref": "AWS::AccountId"
                      },
                      ":table/",
                      {
                        "Fn::ImportValue": {
                          "Fn::Sub": "${apiHealthyHabitsV2GraphQlApiGraphQLAPIIdOutput}:GetAtt:FileTable:Name"
                        }
                      }
                    ]
                  ]
                },
                {
                  "Fn::Join": [
                    "",
                    [
                      "arn:aws:dynamodb:",
                      {
                        "Ref": "AWS::Region"
                      },
                      ":",
                      {
                        "Ref": "AWS::AccountId"
                      },
                      ":table/",
                      {
                        "Fn::ImportValue": {
                          "Fn::Sub": "${apiHealthyHabitsV2GraphQlApiGraphQLAPIIdOutput}:GetAtt:FileTable:Name"
                        }
                      },
                      "/index/*"
                    ]
                  ]
                }
              ]
            }
          ]
        }
      }
    }
  },
  "Outputs": {
    "Name": {
      "Value": {
        "Ref": "LambdaFunction"
      }
    },
    "Arn": {
      "Value": {
        "Fn::GetAtt": [
          "LambdaFunction",
          "Arn"
        ]
      }
    },
    "Region": {
      "Value": {
        "Ref": "AWS::Region"
      }
    },
    "LambdaExecutionRole": {
      "Value": {
        "Ref": "LambdaExecutionRole"
      }
    }
  }
}