{
  "version": "1",
  "cognitoConfig": {
    "authSelections": "identityPoolAndUserPool",
    "requiredAttributes": [
      "email"
    ],
    "resourceName": "healthyhabitsv24aea1e5f",
    "serviceName": "Cognito",
    "useDefault": "manual",
    "userpoolClientReadAttributes": [
      "email"
    ],
    "userpoolClientWriteAttributes": [
      "email"
    ],
    "aliasAttributes": [],
    "resourceNameTruncated": "health4aea1e5f",
    "sharedId": "4aea1e5f",
    "userPoolGroupList": [],
    "userPoolGroups": false,
    "userPoolName": "healthyhabitsv24aea1e5f_userpool_4aea1e5f",
    "usernameAttributes": [
      "email"
    ],
    "usernameCaseSensitive": false,
    "userpoolClientRefreshTokenValidity": 30,
    "userpoolClientSetAttributes": false,
    "userpoolClientGenerateSecret": false,
    "userpoolClientLambdaRole": "health4aea1e5f_userpoolclient_lambda_role",
    "passwordPolicyCharacters": [],
    "passwordPolicyMinLength": 8,
    "adminQueries": false,
    "mfaConfiguration": "OFF",
    "mfaTypes": [
      "SMS Text Message"
    ],
    "smsAuthenticationMessage": "Your authentication code is {####}",
    "emailVerificationMessage": "Your verification code is {####}",
    "emailVerificationSubject": "Your verification code",
    "smsVerificationMessage": "Your verification code is {####}",
    "autoVerifiedAttributes": [
      "email"
    ],
    "hostedUI": false,
    "thirdPartyAuth": false,
    "identityPoolName": "healthyhabitsv24aea1e5f_identitypool_4aea1e5f",
    "allowUnauthenticatedIdentities": false,
    "authProviders": [],
    "triggers": {}
  }
}