{
  "auth": {
    "healthyhabitsv24aea1e5f": {
      "service": "Cognito",
      "providerPlugin": "awscloudformation",
      "dependsOn": [],
      "customAuth": false,
      "frontendAuthConfig": {
        "loginMechanisms": [],
        "signupAttributes": [
          "EMAIL"
        ],
        "passwordProtectionSettings": {
          "passwordPolicyMinLength": 8,
          "passwordPolicyCharacters": []
        },
        "mfaConfiguration": "OFF",
        "mfaTypes": [
          "SMS"
        ],
        "verificationMechanisms": [
          "EMAIL"
        ]
      }
    }
  },
  "api": {
    "HealthyHabitsV2GraphQlApi": {
      "service": "AppSync",
      "providerPlugin": "awscloudformation",
      "output": {
        "authConfig": {
          "defaultAuthentication": {
            "authenticationType": "AMAZON_COGNITO_USER_POOLS",
            "userPoolConfig": {
              "userPoolId": "authhealthyhabitsv24aea1e5f"
            }
          },
          "additionalAuthenticationProviders": [
            {
              "authenticationType": "API_KEY",
              "apiKeyConfig": {
                "apiKeyExpirationDays": 365,
                "description": ""
              }
            },
            {
              "authenticationType": "AWS_IAM"
            }
          ]
        }
      }
    },
    "HealthyHabitsV2API": {
      "service": "API Gateway",
      "providerPlugin": "awscloudformation",
      "dependsOn": [
        {
          "category": "function",
          "resourceName": "healthyLambdaApi",
          "attributes": [
            "Name",
            "Arn"
          ]
        }
      ]
    }
  },
  "function": {
    "healthyLambdaApi": {
      "build": true,
      "providerPlugin": "awscloudformation",
      "service": "Lambda"
    },
    "RemoveFileFromS3Bucket": {
      "build": true,
      "providerPlugin": "awscloudformation",
      "service": "Lambda",
      "dependsOn": [
        {
          "category": "auth",
          "resourceName": "healthyhabitsv24aea1e5f",
          "attributes": [
            "UserPoolId"
          ]
        },
        {
          "category": "api",
          "resourceName": "HealthyHabitsV2GraphQlApi",
          "attributes": [
            "GraphQLAPIIdOutput",
            "GraphQLAPIEndpointOutput"
          ]
        },
        {
          "category": "storage",
          "resourceName": "HealthyHabitsV2",
          "attributes": [
            "BucketName"
          ]
        }
      ]
    },
    "AddInterventionForPupil": {
      "build": true,
      "providerPlugin": "awscloudformation",
      "service": "Lambda",
      "dependsOn": [
        {
          "category": "api",
          "resourceName": "HealthyHabitsV2GraphQlApi",
          "attributes": [
            "GraphQLAPIIdOutput",
            "GraphQLAPIEndpointOutput",
            "GraphQLAPIKeyOutput"
          ]
        }
      ]
    },
    "listOrganizationsToBeVerifiedHealthyHabits": {
      "build": true,
      "providerPlugin": "awscloudformation",
      "service": "Lambda",
      "dependsOn": [
        {
          "category": "auth",
          "resourceName": "healthyhabitsv24aea1e5f",
          "attributes": [
            "UserPoolId"
          ]
        },
        {
          "category": "api",
          "resourceName": "HealthyHabitsV2API",
          "attributes": [
            "ApiName",
            "ApiId"
          ]
        }
      ]
    },
    "ConfirmOrganization": {
      "build": true,
      "providerPlugin": "awscloudformation",
      "service": "Lambda",
      "dependsOn": [
        {
          "category": "auth",
          "resourceName": "healthyhabitsv24aea1e5f",
          "attributes": [
            "UserPoolId"
          ]
        },
        {
          "category": "api",
          "resourceName": "HealthyHabitsV2API",
          "attributes": [
            "ApiName",
            "ApiId"
          ]
        }
      ]
    }
  },
  "storage": {
    "HealthyHabitsV2": {
      "service": "S3",
      "providerPlugin": "awscloudformation"
    }
  }
}